
CREATE TABLE COURSE_UNITS(
    C_code VARCHAR(7) PRIMARY KEY,
    C_name VARCHAR(60),
    Credits INT(1)
    );

INSERT INTO COURSE_UNITS
VALUES
("ENG1212","English II",2),
("ICT1212","Database Management Systems",2),
("ICT1222","Database Management Systems Practicum",2),
("ICT1233","Server-Side Web Development",3),
("ICT1242","Computer Architecture",2),
("ICT1253","Computer Networks",3),
("TCS1212","Fundamentals of Management",2),
("TMS1233","Discrete Mathematics",3);

CREATE TABLE COURSE_THEORY_FINAL(
    C_code VARCHAR(7),
    Final_marks FLOAT(5,2),
    S_id CHAR(6),
    PRIMARY KEY(C_code,S_id)
    );

INSERT INTO COURSE_THEORY_FINAL
VALUES
("ENG1212",76,"TG1011"),
("ICT1212",58,"TG1011"),
("ICT1233",83,"TG1011"),
("ICT1242",93,"TG1011"),
("ICT1253",83,"TG1011"),
("TCS1212",94,"TG1011"),
("TMS1233",39,"TG1011"),

("ENG1212",78,"TG1012"),
("ICT1212",60,"TG1012"),
("ICT1233",38,"TG1012"),
("ICT1242",84,"TG1012"),
("ICT1253",75,"TG1012"),
("TCS1212",34,"TG1012"),
("TMS1233",63,"TG1012"),

("ENG1212",46,"TG1013"),
("ICT1212",63,"TG1013"),
("ICT1233",69,"TG1013"),
("ICT1242",79,"TG1013"),
("ICT1253",67,"TG1013"),
("TCS1212",07,"TG1013"),
("TMS1233",71,"TG1013"),

("ENG1212",79,"TG1014"),
("ICT1212",94,"TG1014"),
("ICT1233",96,"TG1014"),
("ICT1242",39,"TG1014"),
("ICT1253",49,"TG1014"),
("TCS1212",29,"TG1014"),
("TMS1233",95,"TG1014"),

("ENG1212",47,"TG1015"),
("ICT1212",62,"TG1015"),
("ICT1233",28,"TG1015"),
("ICT1242",69,"TG1015"),
("ICT1253",42,"TG1015"),
("TCS1212",82,"TG1015"),
("TMS1233",74,"TG1015"),

("ENG1212",92,"TG1016"),
("ICT1212",38,"TG1016"),
("ICT1233",84,"TG1016"),
("ICT1242",36,"TG1016"),
("ICT1253",78,"TG1016"),
("TCS1212",49,"TG1016"),
("TMS1233",46,"TG1016"),

("ENG1212",26,"TG1017"),
("ICT1212",66,"TG1017"),
("ICT1233",32,"TG1017"),
("ICT1242",30,"TG1017"),
("ICT1253",47,"TG1017"),
("TCS1212",43,"TG1017"),
("TMS1233",42,"TG1017"),

("ENG1212",72,"TG1018"),
("ICT1212",65,"TG1018"),
("ICT1233",54,"TG1018"),
("ICT1242",32,"TG1018"),
("ICT1253",45,"TG1018"),
("TCS1212",46,"TG1018"),
("TMS1233",45,"TG1018"),

("ENG1212",46,"TG1019"),
("ICT1212",69,"TG1019"),
("ICT1233",23,"TG1019"),
("ICT1242",45,"TG1019"),
("ICT1253",93,"TG1019"),
("TCS1212",23,"TG1019"),
("TMS1233",32,"TG1019"),

("ENG1212",74,"TG1020"),
("ICT1212",32,"TG1020"),
("ICT1233",86,"TG1020"),
("ICT1242",35,"TG1020"),
("ICT1253",43,"TG1020"),
("TCS1212",42,"TG1020"),
("TMS1233",73,"TG1020"),

("ENG1212",29,"TG1021"),
("ICT1212",20,"TG1021"),
("ICT1233",75,"TG1021"),
("ICT1242",60,"TG1021"),
("ICT1253",50,"TG1021"),
("TCS1212",37,"TG1021"),
("TMS1233",72,"TG1021");

CREATE TABLE COURSE_PRACTICAL_FINAL(
    C_code VARCHAR(7),
    Final_marks FLOAT(5,2),
    S_id CHAR(6),
    PRIMARY KEY(C_code,S_id)
    );

INSERT INTO COURSE_PRACTICAL_FINAL
VALUES
("ICT1222",65,"TG1011"),
("ICT1233",92,"TG1011"),
("ICT1253",23,"TG1011"),

("ICT1222",45,"TG1012"),
("ICT1233",75,"TG1012"),
("ICT1253",33,"TG1012"),

("ICT1222",44,"TG1013"),
("ICT1233",73,"TG1013"),
("ICT1253",36,"TG1013"),

("ICT1222",38,"TG1014"),
("ICT1233",83,"TG1014"),
("ICT1253",84,"TG1014"),

("ICT1222",42,"TG1015"),
("ICT1233",82,"TG1015"),
("ICT1253",37,"TG1015"),

("ICT1222",88,"TG1016"),
("ICT1233",22,"TG1016"),
("ICT1253",32,"TG1016"),

("ICT1222",18,"TG1017"),
("ICT1233",93,"TG1017"),
("ICT1253",49,"TG1017"),

("ICT1222",32,"TG1018"),
("ICT1233",29,"TG1018"),
("ICT1253",60,"TG1018"),

("ICT1222",20,"TG1019"),
("ICT1233",30,"TG1019"),
("ICT1253",43,"TG1019"),

("ICT1222",32,"TG1020"),
("ICT1233",21,"TG1020"),
("ICT1253",16,"TG1020"),

("ICT1222",97,"TG1021"),
("ICT1233",63,"TG1021"),
("ICT1253",62,"TG1021");

CREATE TABLE COURSE_THEORY_CA(
    C_code VARCHAR(7),
    T_assignment_marks FLOAT(5,2),
    T_mid_marks FLOAT(5,2),
    S_id CHAR(6),
    PRIMARY KEY(C_code,S_id)
    );

INSERT INTO COURSE_THEORY_CA
VALUES
("ENG1212", 45, 43, "TG1011"),
("ICT1212", 85.2, 77.5, "TG1011"),
("ICT1222", 78.6, 92.1, "TG1011"),
("ICT1233", 67, 63, "TG1011"),
("ICT1242", 89, 52, "TG1011"),
("ICT1253", 45, 43, "TG1011"),
("TCS1212", 70, 52, "TG1011"),
("TMS1233", 49, 43, "TG1011"),

("ENG1212", 89, 52, "TG1012"),
("ICT1212", 65.3, 82.7, "TG1012"),
("ICT1222", 54.8, 91.3, "TG1012"),
("ICT1233", 67, 63, "TG1012"),
("ICT1242", 89, 52, "TG1012"),
("ICT1253", 45, 43, "TG1012"),
("TCS1212", 70, 52, "TG1012"),
("TMS1233", 49, 43, "TG1012"),

("ENG1212", 77.1, 63.8, "TG1013"),
("ICT1212", 72.1, 68.9, "TG1013"),
("ICT1222", 80.4, 75.2, "TG1013"),
("ICT1233", 63.7, 82.1, "TG1013"),
("ICT1242", 75.8, 69.5, "TG1013"),
("ICT1253", 88.2, 55.6, "TG1013"),
("TCS1212", 59.4, 70.3, "TG1013"),
("TMS1233", 77.1, 63.8, "TG1013"),

("ENG1212", 92.1, 68.4, "TG1014"),
("ICT1212", 80.3, 72.5, "TG1014"),
("ICT1222", 65.7, 88.2, "TG1014"),
("ICT1233", 70.5, 75.8, "TG1014"),
("ICT1242", 92.1, 68.4, "TG1014"),
("ICT1253", 55.9, 43.2, "TG1014"),
("TCS1212", 78.6, 65.7, "TG1014"),
("TMS1233", 63.2, 80.9, "TG1014"),

("ENG1212", 89.2, 70.1, "TG1015"),
("ICT1212", 76.4, 83.7, "TG1015"),
("ICT1222", 89.2, 70.1, "TG1015"),
("ICT1233", 72.8, 65.3, "TG1015"),
("ICT1242", 57.6, 88.9, "TG1015"),
("ICT1253", 68.5, 74.2, "TG1015"),
("TCS1212", 81.7, 69.8, "TG1015"),
("TMS1233", 66.3, 76.5, "TG1015"),

("ENG1212", 74.3, 77.9, "TG1016"),
("ICT1212", 73.2, 78.9, "TG1016"),
("ICT1222", 67.8, 81.4, "TG1016"),
("ICT1233", 82.1, 70.5, "TG1016"),
("ICT1242", 76.5, 68.7, "TG1016"),
("ICT1253", 59.8, 85.2, "TG1016"),
("TCS1212", 74.3, 77.9, "TG1016"),
("TMS1233", 85.6, 62.4, "TG1016"),

("ENG1212", 69.8, 82.3, "TG1017"),
("ICT1212", 69.1, 84.2, "TG1017"),
("ICT1222", 77.4, 63.8, "TG1017"),
("ICT1233", 88.9, 71.6, "TG1017"),
("ICT1242", 62.7, 79.3, "TG1017"),
("ICT1253", 75.2, 67.4, "TG1017"),
("TCS1212", 69.8, 82.3, "TG1017"),
("TMS1233", 81.5, 64.9, "TG1017"),

("ENG1212", 65.3, 79.8, "TG1018"),
("ICT1212", 84.2, 73.6, "TG1018"),
("ICT1222", 70.1, 86.4, "TG1018"),
("ICT1233", 65.3, 79.8, "TG1018"),
("ICT1242", 88.9, 62.7, "TG1018"),
("ICT1253", 43.2, 75.6, "TG1018"),
("TCS1212", 52.7, 80.3, "TG1018"),
("TMS1233", 43.9, 69.5, "TG1018"),


("ENG1212", 72.5, 87.1, "TG1019"),
("ICT1222", 88.2, 74.8, "TG1019"),
("ICT1233", 75.8, 68.3, "TG1019"),
("ICT1242", 69.5, 91.2, "TG1019"),
("ICT1253", 43.2, 56.9, "TG1019"),
("TCS1212", 65.7, 72.4, "TG1019"),
("TMS1233", 43.9, 82.6, "TG1019"),

("ENG1212", 43.2, 45, "TG1020"),
("ICT1212", 77.5, 89.3, "TG1020"),
("ICT1222", 92.1, 65.7, "TG1020"),
("ICT1233", 63, 72, "TG1020"),
("ICT1242", 68.4, 92.1, "TG1020"),
("ICT1253", 43.2, 45, "TG1020"),
("TCS1212", 52, 70, "TG1020"),
("TMS1233", 43, 49, "TG1020"),

("ENG1212", 92.1, 68.4, "TG1021"),
("ICT1212", 80.3, 72.5, "TG1021"),
("ICT1222", 65.7, 88.2, "TG1021"),
("ICT1233", 70.5, 75.8, "TG1021"),
("ICT1242", 92.1, 68.4, "TG1021"),
("ICT1253", 55.9, 43.2, "TG1021"),
("TCS1212", 78.6, 65.7, "TG1021"),
("TMS1233", 63.2, 80.9, "TG1021");

CREATE TABLE COURSE_THEORY_CA_QUIZ(
    C_code VARCHAR(7),
    Quiz_marks FLOAT(5,2),
    S_id CHAR(6),
    PRIMARY KEY(C_code,S_id)
    );

INSERT INTO COURSE_THEORY_CA_QUIZ
VALUES
("ENG1212", 98, "TG1011"),
("ICT1212", 87, "TG1011"),
("ICT1222", 34, "TG1011"),
("ICT1233", 98, "TG1011"),
("ICT1242", 83, "TG1011"),
("ICT1253", 95, "TG1011"),
("TCS1212", 24, "TG1011"),
("TMS1233", 76, "TG1011"),

("ENG1212", 25, "TG1012"),
("ICT1212", 88, "TG1012"),
("ICT1222", 35, "TG1012"),
("ICT1233", 99, "TG1012"),
("ICT1242", 84, "TG1012"),
("ICT1253", 96, "TG1012"),
("TCS1212", 25, "TG1012"),
("TMS1233", 77, "TG1012"),

("ENG1212", 100, "TG1013"),
("ICT1212", 89, "TG1013"),
("ICT1222", 36, "TG1013"),
("ICT1233", 100, "TG1013"),
("ICT1242", 85, "TG1013"),
("ICT1253", 97, "TG1013"),
("TCS1212", 26, "TG1013"),
("TMS1233", 78, "TG1013"),

("ENG1212", 80, "TG1014"),
("ICT1212", 90, "TG1014"),
("ICT1222", 37, "TG1014"),
("ICT1233", 91, "TG1014"),
("ICT1242", 86, "TG1014"),
("ICT1253", 98, "TG1014"),
("TCS1212", 27, "TG1014"),
("TMS1233", 79, "TG1014"),

("ENG1212", 90, "TG1015"),
("ICT1212", 90.9, "TG1015"),
("ICT1222", 38.6, "TG1015"),
("ICT1233", 82.1, "TG1015"),
("ICT1242", 76.8, "TG1015"),
("ICT1253", 89.5, "TG1015"),
("TCS1212", 67.9, "TG1015"),
("TMS1233", 79.7, "TG1015"),

("ENG1212", 86, "TG1016"),
("ICT1212", 91.8, "TG1016"),
("ICT1222", 39.5, "TG1016"),
("ICT1233", 83, "TG1016"),
("ICT1242", 77.7, "TG1016"),
("ICT1253", 90.4, "TG1016"),
("TCS1212", 68.8, "TG1016"),
("TMS1233", 80.6, "TG1016"),

("ENG1212", 10, "TG1017"),
("ICT1212", 92.7, "TG1017"),
("ICT1222", 40.4, "TG1017"),
("ICT1233", 83.9, "TG1017"),
("ICT1242", 78.6, "TG1017"),
("ICT1253", 91.3, "TG1017"),
("TCS1212", 69.7, "TG1017"),
("TMS1233", 81.5, "TG1017"),

("ENG1212", 26, "TG1018"),
("ICT1212", 93.6, "TG1018"),
("ICT1222", 41.3, "TG1018"),
("ICT1233", 84.8, "TG1018"),
("ICT1242", 79.5, "TG1018"),
("ICT1253", 92.2, "TG1018"),
("TCS1212", 70.6, "TG1018"),
("TMS1233", 82.4, "TG1018"),

("ENG1212", 60, "TG1019"),
("ICT1212", 94.5, "TG1019"),
("ICT1222", 42.2, "TG1019"),
("ICT1233", 85.7, "TG1019"),
("ICT1242", 80.4, "TG1019"),
("ICT1253", 93.1, "TG1019"),
("TCS1212", 71.5, "TG1019"),
("TMS1233", 83.3, "TG1019"),

("ENG1212", 91, "TG1020"),
("ICT1212", 95.4, "TG1020"),
("ICT1222", 43.1, "TG1020"),
("ICT1233", 86.6, "TG1020"),
("ICT1242", 81.3, "TG1020"),
("ICT1253", 94, "TG1020"),
("TCS1212", 72.4, "TG1020"),
("TMS1233", 84.2, "TG1020"),

("ENG1212", 71, "TG1021"),
("ICT1212", 96.3, "TG1021"),
("ICT1222", 44, "TG1021"),
("ICT1233", 87.5, "TG1021"),
("ICT1242", 82.2, "TG1021"),
("ICT1253", 94.9, "TG1021"),
("TCS1212", 73.3, "TG1021"),
("TMS1233", 85.1, "TG1021");

CREATE TABLE COURSE_PRACTICAL_CA(
    C_code VARCHAR(7),
    p_assignment_marks FLOAT(5,2),
    P_mid_marks FLOAT(5,2),
    S_id CHAR(6),
    PRIMARY KEY(C_code,S_id)
    );

INSERT INTO COURSE_PRACTICAL_CA
VALUES
("ICT1222",65,32,"TG1011"),
("ICT1233",92,76,"TG1011"),
("ICT1253",23,44,"TG1011"),

("ICT1222",45,68,"TG1012"),
("ICT1233",75,51,"TG1012"),
("ICT1253",33,59,"TG1012"),

("ICT1222",44,77,"TG1013"),
("ICT1233",73,39,"TG1013"),
("ICT1253",36,88,"TG1013"),

("ICT1222",38,55,"TG1014"),
("ICT1233",83,70,"TG1014"),
("ICT1253",84,29,"TG1014"),

("ICT1222",42,63,"TG1015"),
("ICT1233",80.5,52,"TG1015"),
("ICT1253",82,41,"TG1015"),

("ICT1222",88,49,"TG1016"),
("ICT1233",22,84,"TG1016"),
("ICT1253",32,71,"TG1016"),

("ICT1222",18,90,"TG1017"),
("ICT1233",93,35,"TG1017"),
("ICT1253",49,68,"TG1017"),

("ICT1222",32,75,"TG1018"),
("ICT1233",29,46,"TG1018"),
("ICT1253",60,58,"TG1018"),

("ICT1222",20,83,"TG1019"),
("ICT1233",30,57,"TG1019"),
("ICT1253",43,69,"TG1019"),

("ICT1222",32,91,"TG1020"),
("ICT1233",21,67,"TG1020"),
("ICT1253",60,72,"TG1020"),

("ICT1222",97,50,"TG1021"),
("ICT1233",63,80,"TG1021"),
("ICT1253",71.5,55,"TG1021");
